{
  "best_model": "XGBoost_Tuned",
  "best_metrics": {
    "RMSE": 196642.6323664327,
    "MAE": 146903.328125,
    "R2": 0.534980297088623,
    "MAPE": 73.74333675240138
  },
  "all_results": {
    "LinearRegression": {
      "RMSE": 208876.96677318972,
      "MAE": 160968.74398343297,
      "R2": 0.47531682217767013,
      "MAPE": 86.32172880656299
    },
    "RandomForest": {
      "RMSE": 199450.44536426722,
      "MAE": 147298.34309505523,
      "R2": 0.5216056337014456,
      "MAPE": 72.91496705861803
    },
    "GradientBoosting": {
      "RMSE": 207810.48021680093,
      "MAE": 154393.23129750462,
      "R2": 0.48066101154157415,
      "MAPE": 75.94648154099642
    },
    "XGBoost": {
      "RMSE": 204575.1966197271,
      "MAE": 150643.96875,
      "R2": 0.4967057704925537,
      "MAPE": 74.1197681904483
    },
    "XGBoost_Tuned": {
      "RMSE": 196642.6323664327,
      "MAE": 146903.328125,
      "R2": 0.534980297088623,
      "MAPE": 73.74333675240138
    }
  },
  "tuned_params": {
    "model__learning_rate": "0.05",
    "model__max_depth": "4",
    "model__n_estimators": "300"
  },
  "mlflow_run_id": "0f55c7e8f1a94252be1ad4e248eb096f"
}